USER_ID,EMAIL,NAME,LASTNAME
Brittaney.Gentry86,Brittaney.Gentry86@goodmail.com,Brittaney,Gentry
Keri.Royce8,Keri.Royce8@funmail.com,Keri,Royce
Michal.Hollyanne32,Michal.Hollyanne32@funmail.com,Michal,Hollyanne
Carolina.Mateusz51,Carolina.Mateusz51@goodmail.com,Carolina,Mateusz
Noni.Thetis66,Noni.Thetis66@goodmail.com,Noni,Thetis
Grata.Ozzy95,Grata.Ozzy95@testmail.com,Grata,Ozzy
Celisse.Schellens98,Celisse.Schellens98@funmail.com,Celisse,Schellens
Harli.Dupaix47,Harli.Dupaix47@funmail.com,Harli,Dupaix
c76,emaill,c,y
